,$,Identifier,Semi,LeftParen,Comma,Const,Static,Char,Int,Bool,Assign,LeftBrace,Constant,RightBrace,RightParen,Return,For,Question,Colon,OrOr,AndAnd,Or,Caret,And,Equal,NotEqual,Less,Greater,LessEqual,GreaterEqual,LeftShift,RightShift,Plus,Minus,Star,Div,Mod,DigitSequence,True,False,StringLiteral,PlusPlus,MinusMinus,If,Else
,,,,,,,,,,,,,,,,,,,,,,,,,,,,,,,,,,,,,,,,,,,,,
S,S ::= compilationUnitA $,,,,,S ::= compilationUnitA $,S ::= compilationUnitA $,S ::= compilationUnitA $,S ::= compilationUnitA $,S ::= compilationUnitA $,,,,,,,,,,,,,,,,,,,,,,,,,,,,,,,,,,,
,,,,,,,,,,,,,,,,,,,,,,,,,,,,,,,,,,,,,,,,,,,,,
compilationUnitA,compilationUnitA ::= ε,,,,,compilationUnitA ::= externalDeclaration compilationUnitA,compilationUnitA ::= externalDeclaration compilationUnitA,compilationUnitA ::= externalDeclaration compilationUnitA,compilationUnitA ::= externalDeclaration compilationUnitA,compilationUnitA ::= externalDeclaration compilationUnitA,,,,,,,,,,,,,,,,,,,,,,,,,,,,,,,,,,,
,,,,,,,,,,,,,,,,,,,,,,,,,,,,,,,,,,,,,,,,,,,,,
externalDeclaration,,,,,,externalDeclaration ::= declarationSpecifiers Identifier declaratorPrime,externalDeclaration ::= declarationSpecifiers Identifier declaratorPrime,externalDeclaration ::= declarationSpecifiers Identifier declaratorPrime,externalDeclaration ::= declarationSpecifiers Identifier declaratorPrime,externalDeclaration ::= declarationSpecifiers Identifier declaratorPrime,,,,,,,,,,,,,,,,,,,,,,,,,,,,,,,,,,,
,,,,,,,,,,,,,,,,,,,,,,,,,,,,,,,,,,,,,,,,,,,,,
declaratorPrime,,,declaratorPrime ::= initDeclaratorListPrime initializer Semi,declaratorPrime ::= LeftParen functionDefinition,declaratorPrime ::= initDeclaratorListPrime initializer Semi,,,,,,declaratorPrime ::= initDeclaratorListPrime initializer Semi,,,,,,,,,,,,,,,,,,,,,,,,,,,,,,,,,,
,,,,,,,,,,,,,,,,,,,,,,,,,,,,,,,,,,,,,,,,,,,,,
initDeclaratorListPrime,,,initDeclaratorListPrime ::= ε,,initDeclaratorListPrime ::= Comma Identifier initDeclaratorListPrime,,,,,,initDeclaratorListPrime ::= ε,,,,,,,,,,,,,,,,,,,,,,,,,,,,,,,,,,
,,,,,,,,,,,,,,,,,,,,,,,,,,,,,,,,,,,,,,,,,,,,,
declarationSpecifiers,,,,,,declarationSpecifiers ::= declarationSpecifier declarationSpecifiersPrime,declarationSpecifiers ::= declarationSpecifier declarationSpecifiersPrime,declarationSpecifiers ::= declarationSpecifier declarationSpecifiersPrime,declarationSpecifiers ::= declarationSpecifier declarationSpecifiersPrime,declarationSpecifiers ::= declarationSpecifier declarationSpecifiersPrime,,,,,,,,,,,,,,,,,,,,,,,,,,,,,,,,,,,
,,,,,,,,,,,,,,,,,,,,,,,,,,,,,,,,,,,,,,,,,,,,,
declarationSpecifiersPrime,,declarationSpecifiersPrime ::= ε,,,,declarationSpecifiersPrime ::= declarationSpecifiers,declarationSpecifiersPrime ::= declarationSpecifiers,declarationSpecifiersPrime ::= declarationSpecifiers,declarationSpecifiersPrime ::= declarationSpecifiers,declarationSpecifiersPrime ::= declarationSpecifiers,,,,,,,,,,,,,,,,,,,,,,,,,,,,,,,,,,,
,,,,,,,,,,,,,,,,,,,,,,,,,,,,,,,,,,,,,,,,,,,,,
declarationSpecifier,,,,,,declarationSpecifier ::= Const,declarationSpecifier ::= Static,declarationSpecifier ::= typeSpecifier,declarationSpecifier ::= typeSpecifier,declarationSpecifier ::= typeSpecifier,,,,,,,,,,,,,,,,,,,,,,,,,,,,,,,,,,,
,,,,,,,,,,,,,,,,,,,,,,,,,,,,,,,,,,,,,,,,,,,,,
typeSpecifier,,,,,,,,typeSpecifier ::= Char,typeSpecifier ::= Int,typeSpecifier ::= Bool,,,,,,,,,,,,,,,,,,,,,,,,,,,,,,,,,,,
,,,,,,,,,,,,,,,,,,,,,,,,,,,,,,,,,,,,,,,,,,,,,
initializer,,,initializer ::= ε,,,,,,,,initializer ::= Assign initializerList,,,,,,,,,,,,,,,,,,,,,,,,,,,,,,,,,,
,,,,,,,,,,,,,,,,,,,,,,,,,,,,,,,,,,,,,,,,,,,,,
initializerList,,initializerList ::= expression,initializerList ::= expression,,initializerList ::= expression,,,,,,,initializerList ::= LeftBrace Constant RightBrace,initializerList ::= expression,,,,,initializerList ::= expression,,initializerList ::= expression,initializerList ::= expression,initializerList ::= expression,initializerList ::= expression,initializerList ::= expression,initializerList ::= expression,initializerList ::= expression,initializerList ::= expression,initializerList ::= expression,initializerList ::= expression,initializerList ::= expression,initializerList ::= expression,initializerList ::= expression,initializerList ::= expression,initializerList ::= expression,initializerList ::= expression,initializerList ::= expression,initializerList ::= expression,initializerList ::= expression,initializerList ::= expression,initializerList ::= expression,initializerList ::= expression,initializerList ::= expression,initializerList ::= expression,,
,,,,,,,,,,,,,,,,,,,,,,,,,,,,,,,,,,,,,,,,,,,,,
functionDefinition,,,,,,functionDefinition ::= declaration fD1,functionDefinition ::= declaration fD1,functionDefinition ::= declaration fD1,functionDefinition ::= declaration fD1,functionDefinition ::= declaration fD1,,,,,functionDefinition ::= RightParen fD1,,,,,,,,,,,,,,,,,,,,,,,,,,,,,,
,,,,,,,,,,,,,,,,,,,,,,,,,,,,,,,,,,,,,,,,,,,,,
fD1,,,fD1 ::= Semi,,,,,,,,,fD1 ::= compoundStatement,,,,,,,,,,,,,,,,,,,,,,,,,,,,,,,,,
,,,,,,,,,,,,,,,,,,,,,,,,,,,,,,,,,,,,,,,,,,,,,
declaration,,,,,,declaration ::= declarationSpecifiers Identifier declarationPrime,declaration ::= declarationSpecifiers Identifier declarationPrime,declaration ::= declarationSpecifiers Identifier declarationPrime,declaration ::= declarationSpecifiers Identifier declarationPrime,declaration ::= declarationSpecifiers Identifier declarationPrime,,,,,,,,,,,,,,,,,,,,,,,,,,,,,,,,,,,
,,,,,,,,,,,,,,,,,,,,,,,,,,,,,,,,,,,,,,,,,,,,,
declarationPrime,,,,,declarationPrime ::= Comma declaration,,,,,,,,,,declarationPrime ::= RightParen,,,,,,,,,,,,,,,,,,,,,,,,,,,,,,
,,,,,,,,,,,,,,,,,,,,,,,,,,,,,,,,,,,,,,,,,,,,,
FuncDeclaration,,,,,,FuncDeclaration ::= declarationSpecifiers Identifier FuncDeclarationPrime,FuncDeclaration ::= declarationSpecifiers Identifier FuncDeclarationPrime,FuncDeclaration ::= declarationSpecifiers Identifier FuncDeclarationPrime,FuncDeclaration ::= declarationSpecifiers Identifier FuncDeclarationPrime,FuncDeclaration ::= declarationSpecifiers Identifier FuncDeclarationPrime,,,,,,,,,,,,,,,,,,,,,,,,,,,,,,,,,,,
,,,,,,,,,,,,,,,,,,,,,,,,,,,,,,,,,,,,,,,,,,,,,
FuncDeclarationPrime,,,FuncDeclarationPrime ::= initializer Semi,,FuncDeclarationPrime ::= Comma FuncDeclaration,,,,,,FuncDeclarationPrime ::= initializer Semi,,,,,,,,,,,,,,,,,,,,,,,,,,,,,,,,,,
,,,,,,,,,,,,,,,,,,,,,,,,,,,,,,,,,,,,,,,,,,,,,
compoundStatement,,,,,,,,,,,,compoundStatement ::= LeftBrace bI RightBrace,,,,,,,,,,,,,,,,,,,,,,,,,,,,,,,,,
,,,,,,,,,,,,,,,,,,,,,,,,,,,,,,,,,,,,,,,,,,,,,
bI,,bI ::= blockItemList,bI ::= blockItemList,,bI ::= blockItemList,bI ::= blockItemList,bI ::= blockItemList,bI ::= blockItemList,bI ::= blockItemList,bI ::= blockItemList,,bI ::= blockItemList,bI ::= blockItemList,bI ::= ε,,bI ::= blockItemList,bI ::= blockItemList,bI ::= blockItemList,,bI ::= blockItemList,bI ::= blockItemList,bI ::= blockItemList,bI ::= blockItemList,bI ::= blockItemList,bI ::= blockItemList,bI ::= blockItemList,bI ::= blockItemList,bI ::= blockItemList,bI ::= blockItemList,bI ::= blockItemList,bI ::= blockItemList,bI ::= blockItemList,bI ::= blockItemList,bI ::= blockItemList,bI ::= blockItemList,bI ::= blockItemList,bI ::= blockItemList,bI ::= blockItemList,bI ::= blockItemList,bI ::= blockItemList,bI ::= blockItemList,bI ::= blockItemList,bI ::= blockItemList,bI ::= blockItemList,
,,,,,,,,,,,,,,,,,,,,,,,,,,,,,,,,,,,,,,,,,,,,,
blockItemList,,blockItemList ::= blockItem bI,blockItemList ::= blockItem bI,,blockItemList ::= blockItem bI,blockItemList ::= blockItem bI,blockItemList ::= blockItem bI,blockItemList ::= blockItem bI,blockItemList ::= blockItem bI,blockItemList ::= blockItem bI,,blockItemList ::= blockItem bI,blockItemList ::= blockItem bI,,,blockItemList ::= blockItem bI,blockItemList ::= blockItem bI,blockItemList ::= blockItem bI,,blockItemList ::= blockItem bI,blockItemList ::= blockItem bI,blockItemList ::= blockItem bI,blockItemList ::= blockItem bI,blockItemList ::= blockItem bI,blockItemList ::= blockItem bI,blockItemList ::= blockItem bI,blockItemList ::= blockItem bI,blockItemList ::= blockItem bI,blockItemList ::= blockItem bI,blockItemList ::= blockItem bI,blockItemList ::= blockItem bI,blockItemList ::= blockItem bI,blockItemList ::= blockItem bI,blockItemList ::= blockItem bI,blockItemList ::= blockItem bI,blockItemList ::= blockItem bI,blockItemList ::= blockItem bI,blockItemList ::= blockItem bI,blockItemList ::= blockItem bI,blockItemList ::= blockItem bI,blockItemList ::= blockItem bI,blockItemList ::= blockItem bI,blockItemList ::= blockItem bI,blockItemList ::= blockItem bI,
,,,,,,,,,,,,,,,,,,,,,,,,,,,,,,,,,,,,,,,,,,,,,
blockItem,,blockItem ::= statement,blockItem ::= statement,,blockItem ::= statement,blockItem ::= FuncDeclaration,blockItem ::= FuncDeclaration,blockItem ::= FuncDeclaration,blockItem ::= FuncDeclaration,blockItem ::= FuncDeclaration,,blockItem ::= statement,blockItem ::= statement,,,blockItem ::= statement,blockItem ::= statement,blockItem ::= statement,,blockItem ::= statement,blockItem ::= statement,blockItem ::= statement,blockItem ::= statement,blockItem ::= statement,blockItem ::= statement,blockItem ::= statement,blockItem ::= statement,blockItem ::= statement,blockItem ::= statement,blockItem ::= statement,blockItem ::= statement,blockItem ::= statement,blockItem ::= statement,blockItem ::= statement,blockItem ::= statement,blockItem ::= statement,blockItem ::= statement,blockItem ::= statement,blockItem ::= statement,blockItem ::= statement,blockItem ::= statement,blockItem ::= statement,blockItem ::= statement,blockItem ::= statement,
,,,,,,,,,,,,,,,,,,,,,,,,,,,,,,,,,,,,,,,,,,,,,
statementPrime,,statementPrime ::= statement statementPrime,statementPrime ::= statement statementPrime,,statementPrime ::= statement statementPrime,statementPrime ::= FuncDeclaration,statementPrime ::= FuncDeclaration,statementPrime ::= FuncDeclaration,statementPrime ::= FuncDeclaration,statementPrime ::= FuncDeclaration,,statementPrime ::= statement statementPrime,statementPrime ::= statement statementPrime,statementPrime ::= ε,,statementPrime ::= statement statementPrime,statementPrime ::= statement statementPrime,statementPrime ::= statement statementPrime,,statementPrime ::= statement statementPrime,statementPrime ::= statement statementPrime,statementPrime ::= statement statementPrime,statementPrime ::= statement statementPrime,statementPrime ::= statement statementPrime,statementPrime ::= statement statementPrime,statementPrime ::= statement statementPrime,statementPrime ::= statement statementPrime,statementPrime ::= statement statementPrime,statementPrime ::= statement statementPrime,statementPrime ::= statement statementPrime,statementPrime ::= statement statementPrime,statementPrime ::= statement statementPrime,statementPrime ::= statement statementPrime,statementPrime ::= statement statementPrime,statementPrime ::= statement statementPrime,statementPrime ::= statement statementPrime,statementPrime ::= statement statementPrime,statementPrime ::= statement statementPrime,statementPrime ::= statement statementPrime,statementPrime ::= statement statementPrime,statementPrime ::= statement statementPrime,statementPrime ::= statement statementPrime,statementPrime ::= statement statementPrime,statementPrime ::= statement statementPrime,
,,,,,,,,,,,,,,,,,,,,,,,,,,,,,,,,,,,,,,,,,,,,,
statement,,statement ::= expressionStatement,statement ::= expressionStatement,,statement ::= expressionStatement,,,,,,,statement ::= compoundStatement,statement ::= expressionStatement,,,statement ::= Return expressionStatement,statement ::= iterationStatement,statement ::= expressionStatement,,statement ::= expressionStatement,statement ::= expressionStatement,statement ::= expressionStatement,statement ::= expressionStatement,statement ::= expressionStatement,statement ::= expressionStatement,statement ::= expressionStatement,statement ::= expressionStatement,statement ::= expressionStatement,statement ::= expressionStatement,statement ::= expressionStatement,statement ::= expressionStatement,statement ::= expressionStatement,statement ::= expressionStatement,statement ::= expressionStatement,statement ::= expressionStatement,statement ::= expressionStatement,statement ::= expressionStatement,statement ::= expressionStatement,statement ::= expressionStatement,statement ::= expressionStatement,statement ::= expressionStatement,statement ::= expressionStatement,statement ::= expressionStatement,statement ::= selectionStatement,
,,,,,,,,,,,,,,,,,,,,,,,,,,,,,,,,,,,,,,,,,,,,,
iterationStatement,,,,,,,,,,,,,,,,,iterationStatement ::= For LeftParen forCondition RightParen LeftBrace statementPrime RightBrace,,,,,,,,,,,,,,,,,,,,,,,,,,,,
,,,,,,,,,,,,,,,,,,,,,,,,,,,,,,,,,,,,,,,,,,,,,
forCondition,,,,,,forCondition ::= forDeclaration assignmentExpression Semi assignmentExpression,forCondition ::= forDeclaration assignmentExpression Semi assignmentExpression,forCondition ::= forDeclaration assignmentExpression Semi assignmentExpression,forCondition ::= forDeclaration assignmentExpression Semi assignmentExpression,forCondition ::= forDeclaration assignmentExpression Semi assignmentExpression,,,,,,,,,,,,,,,,,,,,,,,,,,,,,,,,,,,
,,,,,,,,,,,,,,,,,,,,,,,,,,,,,,,,,,,,,,,,,,,,,
forDeclaration,,,,,,forDeclaration ::= FuncDeclaration,forDeclaration ::= FuncDeclaration,forDeclaration ::= FuncDeclaration,forDeclaration ::= FuncDeclaration,forDeclaration ::= FuncDeclaration,,,,,,,,,,,,,,,,,,,,,,,,,,,,,,,,,,,
,,,,,,,,,,,,,,,,,,,,,,,,,,,,,,,,,,,,,,,,,,,,,
assignmentExpression,,assignmentExpression ::= conditionalExpression,assignmentExpression ::= conditionalExpression,,,,,,,,,,assignmentExpression ::= conditionalExpression,,assignmentExpression ::= conditionalExpression,,,assignmentExpression ::= conditionalExpression,,assignmentExpression ::= conditionalExpression,assignmentExpression ::= conditionalExpression,assignmentExpression ::= conditionalExpression,assignmentExpression ::= conditionalExpression,assignmentExpression ::= conditionalExpression,assignmentExpression ::= conditionalExpression,assignmentExpression ::= conditionalExpression,assignmentExpression ::= conditionalExpression,assignmentExpression ::= conditionalExpression,assignmentExpression ::= conditionalExpression,assignmentExpression ::= conditionalExpression,assignmentExpression ::= conditionalExpression,assignmentExpression ::= conditionalExpression,assignmentExpression ::= conditionalExpression,assignmentExpression ::= conditionalExpression,assignmentExpression ::= conditionalExpression,assignmentExpression ::= conditionalExpression,assignmentExpression ::= conditionalExpression,assignmentExpression ::= conditionalExpression,assignmentExpression ::= conditionalExpression,assignmentExpression ::= conditionalExpression,assignmentExpression ::= conditionalExpression,assignmentExpression ::= conditionalExpression,assignmentExpression ::= conditionalExpression,,
,,,,,,,,,,,,,,,,,,,,,,,,,,,,,,,,,,,,,,,,,,,,,
expressionStatement,,expressionStatement ::= expression Semi,expressionStatement ::= expression Semi,,expressionStatement ::= expression Semi,,,,,,,,expressionStatement ::= expression Semi,,,,,expressionStatement ::= expression Semi,,expressionStatement ::= expression Semi,expressionStatement ::= expression Semi,expressionStatement ::= expression Semi,expressionStatement ::= expression Semi,expressionStatement ::= expression Semi,expressionStatement ::= expression Semi,expressionStatement ::= expression Semi,expressionStatement ::= expression Semi,expressionStatement ::= expression Semi,expressionStatement ::= expression Semi,expressionStatement ::= expression Semi,expressionStatement ::= expression Semi,expressionStatement ::= expression Semi,expressionStatement ::= expression Semi,expressionStatement ::= expression Semi,expressionStatement ::= expression Semi,expressionStatement ::= expression Semi,expressionStatement ::= expression Semi,expressionStatement ::= expression Semi,expressionStatement ::= expression Semi,expressionStatement ::= expression Semi,expressionStatement ::= expression Semi,expressionStatement ::= expression Semi,expressionStatement ::= expression Semi,,
,,,,,,,,,,,,,,,,,,,,,,,,,,,,,,,,,,,,,,,,,,,,,
expression,,expression ::= conditionalExpression expressionPrime,expression ::= conditionalExpression expressionPrime,,expression ::= conditionalExpression expressionPrime,,,,,,,,expression ::= conditionalExpression expressionPrime,,expression ::= conditionalExpression expressionPrime,,,expression ::= conditionalExpression expressionPrime,expression ::= conditionalExpression expressionPrime,expression ::= conditionalExpression expressionPrime,expression ::= conditionalExpression expressionPrime,expression ::= conditionalExpression expressionPrime,expression ::= conditionalExpression expressionPrime,expression ::= conditionalExpression expressionPrime,expression ::= conditionalExpression expressionPrime,expression ::= conditionalExpression expressionPrime,expression ::= conditionalExpression expressionPrime,expression ::= conditionalExpression expressionPrime,expression ::= conditionalExpression expressionPrime,expression ::= conditionalExpression expressionPrime,expression ::= conditionalExpression expressionPrime,expression ::= conditionalExpression expressionPrime,expression ::= conditionalExpression expressionPrime,expression ::= conditionalExpression expressionPrime,expression ::= conditionalExpression expressionPrime,expression ::= conditionalExpression expressionPrime,expression ::= conditionalExpression expressionPrime,expression ::= conditionalExpression expressionPrime,expression ::= conditionalExpression expressionPrime,expression ::= conditionalExpression expressionPrime,expression ::= conditionalExpression expressionPrime,expression ::= conditionalExpression expressionPrime,expression ::= conditionalExpression expressionPrime,,
,,,,,,,,,,,,,,,,,,,,,,,,,,,,,,,,,,,,,,,,,,,,,
expressionPrime,,,expressionPrime ::= ε,,expressionPrime ::= Comma conditionalExpression expressionPrime,,,,,,,,,,expressionPrime ::= ε,,,,expressionPrime ::= ε,,,,,,,,,,,,,,,,,,,,,,,,,,
,,,,,,,,,,,,,,,,,,,,,,,,,,,,,,,,,,,,,,,,,,,,,
conditionalExpression,,conditionalExpression ::= logicalOrExpression conditionalExpressionPrime,conditionalExpression ::= logicalOrExpression conditionalExpressionPrime,,conditionalExpression ::= logicalOrExpression conditionalExpressionPrime,,,,,,,,conditionalExpression ::= logicalOrExpression conditionalExpressionPrime,,conditionalExpression ::= logicalOrExpression conditionalExpressionPrime,,,conditionalExpression ::= logicalOrExpression conditionalExpressionPrime,conditionalExpression ::= logicalOrExpression conditionalExpressionPrime,conditionalExpression ::= logicalOrExpression conditionalExpressionPrime,conditionalExpression ::= logicalOrExpression conditionalExpressionPrime,conditionalExpression ::= logicalOrExpression conditionalExpressionPrime,conditionalExpression ::= logicalOrExpression conditionalExpressionPrime,conditionalExpression ::= logicalOrExpression conditionalExpressionPrime,conditionalExpression ::= logicalOrExpression conditionalExpressionPrime,conditionalExpression ::= logicalOrExpression conditionalExpressionPrime,conditionalExpression ::= logicalOrExpression conditionalExpressionPrime,conditionalExpression ::= logicalOrExpression conditionalExpressionPrime,conditionalExpression ::= logicalOrExpression conditionalExpressionPrime,conditionalExpression ::= logicalOrExpression conditionalExpressionPrime,conditionalExpression ::= logicalOrExpression conditionalExpressionPrime,conditionalExpression ::= logicalOrExpression conditionalExpressionPrime,conditionalExpression ::= logicalOrExpression conditionalExpressionPrime,conditionalExpression ::= logicalOrExpression conditionalExpressionPrime,conditionalExpression ::= logicalOrExpression conditionalExpressionPrime,conditionalExpression ::= logicalOrExpression conditionalExpressionPrime,conditionalExpression ::= logicalOrExpression conditionalExpressionPrime,conditionalExpression ::= logicalOrExpression conditionalExpressionPrime,conditionalExpression ::= logicalOrExpression conditionalExpressionPrime,conditionalExpression ::= logicalOrExpression conditionalExpressionPrime,conditionalExpression ::= logicalOrExpression conditionalExpressionPrime,conditionalExpression ::= logicalOrExpression conditionalExpressionPrime,conditionalExpression ::= logicalOrExpression conditionalExpressionPrime,,
,,,,,,,,,,,,,,,,,,,,,,,,,,,,,,,,,,,,,,,,,,,,,
conditionalExpressionPrime,,,conditionalExpressionPrime ::= ε,,conditionalExpressionPrime ::= ε,,,,,,,,,,conditionalExpressionPrime ::= ε,,,conditionalExpressionPrime ::= Question expression Colon conditionalExpression,conditionalExpressionPrime ::= ε,,,,,,,,,,,,,,,,,,,,,,,,,,
,,,,,,,,,,,,,,,,,,,,,,,,,,,,,,,,,,,,,,,,,,,,,
logicalOrExpression,,logicalOrExpression ::= logicalAndExpression logicalOrExpressionPrime,logicalOrExpression ::= logicalAndExpression logicalOrExpressionPrime,,logicalOrExpression ::= logicalAndExpression logicalOrExpressionPrime,,,,,,,,logicalOrExpression ::= logicalAndExpression logicalOrExpressionPrime,,logicalOrExpression ::= logicalAndExpression logicalOrExpressionPrime,,,logicalOrExpression ::= logicalAndExpression logicalOrExpressionPrime,logicalOrExpression ::= logicalAndExpression logicalOrExpressionPrime,logicalOrExpression ::= logicalAndExpression logicalOrExpressionPrime,logicalOrExpression ::= logicalAndExpression logicalOrExpressionPrime,logicalOrExpression ::= logicalAndExpression logicalOrExpressionPrime,logicalOrExpression ::= logicalAndExpression logicalOrExpressionPrime,logicalOrExpression ::= logicalAndExpression logicalOrExpressionPrime,logicalOrExpression ::= logicalAndExpression logicalOrExpressionPrime,logicalOrExpression ::= logicalAndExpression logicalOrExpressionPrime,logicalOrExpression ::= logicalAndExpression logicalOrExpressionPrime,logicalOrExpression ::= logicalAndExpression logicalOrExpressionPrime,logicalOrExpression ::= logicalAndExpression logicalOrExpressionPrime,logicalOrExpression ::= logicalAndExpression logicalOrExpressionPrime,logicalOrExpression ::= logicalAndExpression logicalOrExpressionPrime,logicalOrExpression ::= logicalAndExpression logicalOrExpressionPrime,logicalOrExpression ::= logicalAndExpression logicalOrExpressionPrime,logicalOrExpression ::= logicalAndExpression logicalOrExpressionPrime,logicalOrExpression ::= logicalAndExpression logicalOrExpressionPrime,logicalOrExpression ::= logicalAndExpression logicalOrExpressionPrime,logicalOrExpression ::= logicalAndExpression logicalOrExpressionPrime,logicalOrExpression ::= logicalAndExpression logicalOrExpressionPrime,logicalOrExpression ::= logicalAndExpression logicalOrExpressionPrime,logicalOrExpression ::= logicalAndExpression logicalOrExpressionPrime,logicalOrExpression ::= logicalAndExpression logicalOrExpressionPrime,logicalOrExpression ::= logicalAndExpression logicalOrExpressionPrime,logicalOrExpression ::= logicalAndExpression logicalOrExpressionPrime,,
,,,,,,,,,,,,,,,,,,,,,,,,,,,,,,,,,,,,,,,,,,,,,
logicalOrExpressionPrime,,,logicalOrExpressionPrime ::= ε,,logicalOrExpressionPrime ::= ε,,,,,,,,,,logicalOrExpressionPrime ::= ε,,,logicalOrExpressionPrime ::= ε,logicalOrExpressionPrime ::= ε,logicalOrExpressionPrime ::= OrOr logicalAndExpression logicalOrExpressionPrime,,,,,,,,,,,,,,,,,,,,,,,,,
,,,,,,,,,,,,,,,,,,,,,,,,,,,,,,,,,,,,,,,,,,,,,
logicalAndExpression,,logicalAndExpression ::= inclusiveOrExpression logicalAndExpressionPrime,logicalAndExpression ::= inclusiveOrExpression logicalAndExpressionPrime,,logicalAndExpression ::= inclusiveOrExpression logicalAndExpressionPrime,,,,,,,,logicalAndExpression ::= inclusiveOrExpression logicalAndExpressionPrime,,logicalAndExpression ::= inclusiveOrExpression logicalAndExpressionPrime,,,logicalAndExpression ::= inclusiveOrExpression logicalAndExpressionPrime,logicalAndExpression ::= inclusiveOrExpression logicalAndExpressionPrime,logicalAndExpression ::= inclusiveOrExpression logicalAndExpressionPrime,logicalAndExpression ::= inclusiveOrExpression logicalAndExpressionPrime,logicalAndExpression ::= inclusiveOrExpression logicalAndExpressionPrime,logicalAndExpression ::= inclusiveOrExpression logicalAndExpressionPrime,logicalAndExpression ::= inclusiveOrExpression logicalAndExpressionPrime,logicalAndExpression ::= inclusiveOrExpression logicalAndExpressionPrime,logicalAndExpression ::= inclusiveOrExpression logicalAndExpressionPrime,logicalAndExpression ::= inclusiveOrExpression logicalAndExpressionPrime,logicalAndExpression ::= inclusiveOrExpression logicalAndExpressionPrime,logicalAndExpression ::= inclusiveOrExpression logicalAndExpressionPrime,logicalAndExpression ::= inclusiveOrExpression logicalAndExpressionPrime,logicalAndExpression ::= inclusiveOrExpression logicalAndExpressionPrime,logicalAndExpression ::= inclusiveOrExpression logicalAndExpressionPrime,logicalAndExpression ::= inclusiveOrExpression logicalAndExpressionPrime,logicalAndExpression ::= inclusiveOrExpression logicalAndExpressionPrime,logicalAndExpression ::= inclusiveOrExpression logicalAndExpressionPrime,logicalAndExpression ::= inclusiveOrExpression logicalAndExpressionPrime,logicalAndExpression ::= inclusiveOrExpression logicalAndExpressionPrime,logicalAndExpression ::= inclusiveOrExpression logicalAndExpressionPrime,logicalAndExpression ::= inclusiveOrExpression logicalAndExpressionPrime,logicalAndExpression ::= inclusiveOrExpression logicalAndExpressionPrime,logicalAndExpression ::= inclusiveOrExpression logicalAndExpressionPrime,logicalAndExpression ::= inclusiveOrExpression logicalAndExpressionPrime,logicalAndExpression ::= inclusiveOrExpression logicalAndExpressionPrime,,
,,,,,,,,,,,,,,,,,,,,,,,,,,,,,,,,,,,,,,,,,,,,,
logicalAndExpressionPrime,,,logicalAndExpressionPrime ::= ε,,logicalAndExpressionPrime ::= ε,,,,,,,,,,logicalAndExpressionPrime ::= ε,,,logicalAndExpressionPrime ::= ε,logicalAndExpressionPrime ::= ε,logicalAndExpressionPrime ::= ε,logicalAndExpressionPrime ::= AndAnd inclusiveOrExpression logicalAndExpressionPrime,,,,,,,,,,,,,,,,,,,,,,,,
,,,,,,,,,,,,,,,,,,,,,,,,,,,,,,,,,,,,,,,,,,,,,
inclusiveOrExpression,,inclusiveOrExpression ::= exclusiveOrExpression inclusiveOrExpressionPrime,inclusiveOrExpression ::= exclusiveOrExpression inclusiveOrExpressionPrime,,inclusiveOrExpression ::= exclusiveOrExpression inclusiveOrExpressionPrime,,,,,,,,inclusiveOrExpression ::= exclusiveOrExpression inclusiveOrExpressionPrime,,inclusiveOrExpression ::= exclusiveOrExpression inclusiveOrExpressionPrime,,,inclusiveOrExpression ::= exclusiveOrExpression inclusiveOrExpressionPrime,inclusiveOrExpression ::= exclusiveOrExpression inclusiveOrExpressionPrime,inclusiveOrExpression ::= exclusiveOrExpression inclusiveOrExpressionPrime,inclusiveOrExpression ::= exclusiveOrExpression inclusiveOrExpressionPrime,inclusiveOrExpression ::= exclusiveOrExpression inclusiveOrExpressionPrime,inclusiveOrExpression ::= exclusiveOrExpression inclusiveOrExpressionPrime,inclusiveOrExpression ::= exclusiveOrExpression inclusiveOrExpressionPrime,inclusiveOrExpression ::= exclusiveOrExpression inclusiveOrExpressionPrime,inclusiveOrExpression ::= exclusiveOrExpression inclusiveOrExpressionPrime,inclusiveOrExpression ::= exclusiveOrExpression inclusiveOrExpressionPrime,inclusiveOrExpression ::= exclusiveOrExpression inclusiveOrExpressionPrime,inclusiveOrExpression ::= exclusiveOrExpression inclusiveOrExpressionPrime,inclusiveOrExpression ::= exclusiveOrExpression inclusiveOrExpressionPrime,inclusiveOrExpression ::= exclusiveOrExpression inclusiveOrExpressionPrime,inclusiveOrExpression ::= exclusiveOrExpression inclusiveOrExpressionPrime,inclusiveOrExpression ::= exclusiveOrExpression inclusiveOrExpressionPrime,inclusiveOrExpression ::= exclusiveOrExpression inclusiveOrExpressionPrime,inclusiveOrExpression ::= exclusiveOrExpression inclusiveOrExpressionPrime,inclusiveOrExpression ::= exclusiveOrExpression inclusiveOrExpressionPrime,inclusiveOrExpression ::= exclusiveOrExpression inclusiveOrExpressionPrime,inclusiveOrExpression ::= exclusiveOrExpression inclusiveOrExpressionPrime,inclusiveOrExpression ::= exclusiveOrExpression inclusiveOrExpressionPrime,inclusiveOrExpression ::= exclusiveOrExpression inclusiveOrExpressionPrime,inclusiveOrExpression ::= exclusiveOrExpression inclusiveOrExpressionPrime,inclusiveOrExpression ::= exclusiveOrExpression inclusiveOrExpressionPrime,inclusiveOrExpression ::= exclusiveOrExpression inclusiveOrExpressionPrime,,
,,,,,,,,,,,,,,,,,,,,,,,,,,,,,,,,,,,,,,,,,,,,,
inclusiveOrExpressionPrime,,,inclusiveOrExpressionPrime ::= ε,,inclusiveOrExpressionPrime ::= ε,,,,,,,,,,inclusiveOrExpressionPrime ::= ε,,,inclusiveOrExpressionPrime ::= ε,inclusiveOrExpressionPrime ::= ε,inclusiveOrExpressionPrime ::= ε,inclusiveOrExpressionPrime ::= ε,inclusiveOrExpressionPrime ::= Or exclusiveOrExpression inclusiveOrExpressionPrime,,,,,,,,,,,,,,,,,,,,,,,
,,,,,,,,,,,,,,,,,,,,,,,,,,,,,,,,,,,,,,,,,,,,,
exclusiveOrExpression,,exclusiveOrExpression ::= andExpression exclusiveOrExpressionPrime,exclusiveOrExpression ::= andExpression exclusiveOrExpressionPrime,,exclusiveOrExpression ::= andExpression exclusiveOrExpressionPrime,,,,,,,,exclusiveOrExpression ::= andExpression exclusiveOrExpressionPrime,,exclusiveOrExpression ::= andExpression exclusiveOrExpressionPrime,,,exclusiveOrExpression ::= andExpression exclusiveOrExpressionPrime,exclusiveOrExpression ::= andExpression exclusiveOrExpressionPrime,exclusiveOrExpression ::= andExpression exclusiveOrExpressionPrime,exclusiveOrExpression ::= andExpression exclusiveOrExpressionPrime,exclusiveOrExpression ::= andExpression exclusiveOrExpressionPrime,exclusiveOrExpression ::= andExpression exclusiveOrExpressionPrime,exclusiveOrExpression ::= andExpression exclusiveOrExpressionPrime,exclusiveOrExpression ::= andExpression exclusiveOrExpressionPrime,exclusiveOrExpression ::= andExpression exclusiveOrExpressionPrime,exclusiveOrExpression ::= andExpression exclusiveOrExpressionPrime,exclusiveOrExpression ::= andExpression exclusiveOrExpressionPrime,exclusiveOrExpression ::= andExpression exclusiveOrExpressionPrime,exclusiveOrExpression ::= andExpression exclusiveOrExpressionPrime,exclusiveOrExpression ::= andExpression exclusiveOrExpressionPrime,exclusiveOrExpression ::= andExpression exclusiveOrExpressionPrime,exclusiveOrExpression ::= andExpression exclusiveOrExpressionPrime,exclusiveOrExpression ::= andExpression exclusiveOrExpressionPrime,exclusiveOrExpression ::= andExpression exclusiveOrExpressionPrime,exclusiveOrExpression ::= andExpression exclusiveOrExpressionPrime,exclusiveOrExpression ::= andExpression exclusiveOrExpressionPrime,exclusiveOrExpression ::= andExpression exclusiveOrExpressionPrime,exclusiveOrExpression ::= andExpression exclusiveOrExpressionPrime,exclusiveOrExpression ::= andExpression exclusiveOrExpressionPrime,exclusiveOrExpression ::= andExpression exclusiveOrExpressionPrime,exclusiveOrExpression ::= andExpression exclusiveOrExpressionPrime,exclusiveOrExpression ::= andExpression exclusiveOrExpressionPrime,,
,,,,,,,,,,,,,,,,,,,,,,,,,,,,,,,,,,,,,,,,,,,,,
exclusiveOrExpressionPrime,,,exclusiveOrExpressionPrime ::= ε,,exclusiveOrExpressionPrime ::= ε,,,,,,,,,,exclusiveOrExpressionPrime ::= ε,,,exclusiveOrExpressionPrime ::= ε,exclusiveOrExpressionPrime ::= ε,exclusiveOrExpressionPrime ::= ε,exclusiveOrExpressionPrime ::= ε,exclusiveOrExpressionPrime ::= ε,exclusiveOrExpressionPrime ::= Caret andExpression exclusiveOrExpressionPrime,,,,,,,,,,,,,,,,,,,,,,
,,,,,,,,,,,,,,,,,,,,,,,,,,,,,,,,,,,,,,,,,,,,,
andExpression,,andExpression ::= equalityExpression andExpressionPrime,andExpression ::= equalityExpression andExpressionPrime,,andExpression ::= equalityExpression andExpressionPrime,,,,,,,,andExpression ::= equalityExpression andExpressionPrime,,andExpression ::= equalityExpression andExpressionPrime,,,andExpression ::= equalityExpression andExpressionPrime,andExpression ::= equalityExpression andExpressionPrime,andExpression ::= equalityExpression andExpressionPrime,andExpression ::= equalityExpression andExpressionPrime,andExpression ::= equalityExpression andExpressionPrime,andExpression ::= equalityExpression andExpressionPrime,andExpression ::= equalityExpression andExpressionPrime,andExpression ::= equalityExpression andExpressionPrime,andExpression ::= equalityExpression andExpressionPrime,andExpression ::= equalityExpression andExpressionPrime,andExpression ::= equalityExpression andExpressionPrime,andExpression ::= equalityExpression andExpressionPrime,andExpression ::= equalityExpression andExpressionPrime,andExpression ::= equalityExpression andExpressionPrime,andExpression ::= equalityExpression andExpressionPrime,andExpression ::= equalityExpression andExpressionPrime,andExpression ::= equalityExpression andExpressionPrime,andExpression ::= equalityExpression andExpressionPrime,andExpression ::= equalityExpression andExpressionPrime,andExpression ::= equalityExpression andExpressionPrime,andExpression ::= equalityExpression andExpressionPrime,andExpression ::= equalityExpression andExpressionPrime,andExpression ::= equalityExpression andExpressionPrime,andExpression ::= equalityExpression andExpressionPrime,andExpression ::= equalityExpression andExpressionPrime,andExpression ::= equalityExpression andExpressionPrime,,
,,,,,,,,,,,,,,,,,,,,,,,,,,,,,,,,,,,,,,,,,,,,,
andExpressionPrime,,,andExpressionPrime ::= ε,,andExpressionPrime ::= ε,,,,,,,,,,andExpressionPrime ::= ε,,,andExpressionPrime ::= ε,andExpressionPrime ::= ε,andExpressionPrime ::= ε,andExpressionPrime ::= ε,andExpressionPrime ::= ε,andExpressionPrime ::= ε,andExpressionPrime ::= And equalityExpression andExpressionPrime,,,,,,,,,,,,,,,,,,,,,
,,,,,,,,,,,,,,,,,,,,,,,,,,,,,,,,,,,,,,,,,,,,,
equalityExpression,,equalityExpression ::= relationalExpression equalityExpressionPrime,equalityExpression ::= relationalExpression equalityExpressionPrime,,equalityExpression ::= relationalExpression equalityExpressionPrime,,,,,,,,equalityExpression ::= relationalExpression equalityExpressionPrime,,equalityExpression ::= relationalExpression equalityExpressionPrime,,,equalityExpression ::= relationalExpression equalityExpressionPrime,equalityExpression ::= relationalExpression equalityExpressionPrime,equalityExpression ::= relationalExpression equalityExpressionPrime,equalityExpression ::= relationalExpression equalityExpressionPrime,equalityExpression ::= relationalExpression equalityExpressionPrime,equalityExpression ::= relationalExpression equalityExpressionPrime,equalityExpression ::= relationalExpression equalityExpressionPrime,equalityExpression ::= relationalExpression equalityExpressionPrime,equalityExpression ::= relationalExpression equalityExpressionPrime,equalityExpression ::= relationalExpression equalityExpressionPrime,equalityExpression ::= relationalExpression equalityExpressionPrime,equalityExpression ::= relationalExpression equalityExpressionPrime,equalityExpression ::= relationalExpression equalityExpressionPrime,equalityExpression ::= relationalExpression equalityExpressionPrime,equalityExpression ::= relationalExpression equalityExpressionPrime,equalityExpression ::= relationalExpression equalityExpressionPrime,equalityExpression ::= relationalExpression equalityExpressionPrime,equalityExpression ::= relationalExpression equalityExpressionPrime,equalityExpression ::= relationalExpression equalityExpressionPrime,equalityExpression ::= relationalExpression equalityExpressionPrime,equalityExpression ::= relationalExpression equalityExpressionPrime,equalityExpression ::= relationalExpression equalityExpressionPrime,equalityExpression ::= relationalExpression equalityExpressionPrime,equalityExpression ::= relationalExpression equalityExpressionPrime,equalityExpression ::= relationalExpression equalityExpressionPrime,equalityExpression ::= relationalExpression equalityExpressionPrime,,
,,,,,,,,,,,,,,,,,,,,,,,,,,,,,,,,,,,,,,,,,,,,,
equalityExpressionPrime,,,equalityExpressionPrime ::= ε,,equalityExpressionPrime ::= ε,,,,,,,,,,equalityExpressionPrime ::= ε,,,equalityExpressionPrime ::= ε,equalityExpressionPrime ::= ε,equalityExpressionPrime ::= ε,equalityExpressionPrime ::= ε,equalityExpressionPrime ::= ε,equalityExpressionPrime ::= ε,equalityExpressionPrime ::= ε,equalityExpressionPrime ::= Equal relationalExpression equalityExpressionPrime,equalityExpressionPrime ::= NotEqual relationalExpression equalityExpressionPrime,,,,,,,,,,,,,,,,,,,
,,,,,,,,,,,,,,,,,,,,,,,,,,,,,,,,,,,,,,,,,,,,,
relationalExpression,,relationalExpression ::= shiftExpression relationalExpressionPrime,relationalExpression ::= shiftExpression relationalExpressionPrime,,relationalExpression ::= shiftExpression relationalExpressionPrime,,,,,,,,relationalExpression ::= shiftExpression relationalExpressionPrime,,relationalExpression ::= shiftExpression relationalExpressionPrime,,,relationalExpression ::= shiftExpression relationalExpressionPrime,relationalExpression ::= shiftExpression relationalExpressionPrime,relationalExpression ::= shiftExpression relationalExpressionPrime,relationalExpression ::= shiftExpression relationalExpressionPrime,relationalExpression ::= shiftExpression relationalExpressionPrime,relationalExpression ::= shiftExpression relationalExpressionPrime,relationalExpression ::= shiftExpression relationalExpressionPrime,relationalExpression ::= shiftExpression relationalExpressionPrime,relationalExpression ::= shiftExpression relationalExpressionPrime,relationalExpression ::= shiftExpression relationalExpressionPrime,relationalExpression ::= shiftExpression relationalExpressionPrime,relationalExpression ::= shiftExpression relationalExpressionPrime,relationalExpression ::= shiftExpression relationalExpressionPrime,relationalExpression ::= shiftExpression relationalExpressionPrime,relationalExpression ::= shiftExpression relationalExpressionPrime,relationalExpression ::= shiftExpression relationalExpressionPrime,relationalExpression ::= shiftExpression relationalExpressionPrime,relationalExpression ::= shiftExpression relationalExpressionPrime,relationalExpression ::= shiftExpression relationalExpressionPrime,relationalExpression ::= shiftExpression relationalExpressionPrime,relationalExpression ::= shiftExpression relationalExpressionPrime,relationalExpression ::= shiftExpression relationalExpressionPrime,relationalExpression ::= shiftExpression relationalExpressionPrime,relationalExpression ::= shiftExpression relationalExpressionPrime,relationalExpression ::= shiftExpression relationalExpressionPrime,relationalExpression ::= shiftExpression relationalExpressionPrime,,
,,,,,,,,,,,,,,,,,,,,,,,,,,,,,,,,,,,,,,,,,,,,,
relationalExpressionPrime,,,relationalExpressionPrime ::= ε,,relationalExpressionPrime ::= ε,,,,,,,,,,relationalExpressionPrime ::= ε,,,relationalExpressionPrime ::= ε,relationalExpressionPrime ::= ε,relationalExpressionPrime ::= ε,relationalExpressionPrime ::= ε,relationalExpressionPrime ::= ε,relationalExpressionPrime ::= ε,relationalExpressionPrime ::= ε,relationalExpressionPrime ::= ε,relationalExpressionPrime ::= ε,relationalExpressionPrime ::= Less shiftExpression relationalExpressionPrime,relationalExpressionPrime ::= Greater shiftExpression relationalExpressionPrime,relationalExpressionPrime ::= LessEqual shiftExpression relationalExpressionPrime,relationalExpressionPrime ::= GreaterEqual shiftExpression relationalExpressionPrime,,,,,,,,,,,,,,,
,,,,,,,,,,,,,,,,,,,,,,,,,,,,,,,,,,,,,,,,,,,,,
shiftExpression,,shiftExpression ::= additiveExpression shiftExpressionPrime,shiftExpression ::= additiveExpression shiftExpressionPrime,,shiftExpression ::= additiveExpression shiftExpressionPrime,,,,,,,,shiftExpression ::= additiveExpression shiftExpressionPrime,,shiftExpression ::= additiveExpression shiftExpressionPrime,,,shiftExpression ::= additiveExpression shiftExpressionPrime,shiftExpression ::= additiveExpression shiftExpressionPrime,shiftExpression ::= additiveExpression shiftExpressionPrime,shiftExpression ::= additiveExpression shiftExpressionPrime,shiftExpression ::= additiveExpression shiftExpressionPrime,shiftExpression ::= additiveExpression shiftExpressionPrime,shiftExpression ::= additiveExpression shiftExpressionPrime,shiftExpression ::= additiveExpression shiftExpressionPrime,shiftExpression ::= additiveExpression shiftExpressionPrime,shiftExpression ::= additiveExpression shiftExpressionPrime,shiftExpression ::= additiveExpression shiftExpressionPrime,shiftExpression ::= additiveExpression shiftExpressionPrime,shiftExpression ::= additiveExpression shiftExpressionPrime,shiftExpression ::= additiveExpression shiftExpressionPrime,shiftExpression ::= additiveExpression shiftExpressionPrime,shiftExpression ::= additiveExpression shiftExpressionPrime,shiftExpression ::= additiveExpression shiftExpressionPrime,shiftExpression ::= additiveExpression shiftExpressionPrime,shiftExpression ::= additiveExpression shiftExpressionPrime,shiftExpression ::= additiveExpression shiftExpressionPrime,shiftExpression ::= additiveExpression shiftExpressionPrime,shiftExpression ::= additiveExpression shiftExpressionPrime,shiftExpression ::= additiveExpression shiftExpressionPrime,shiftExpression ::= additiveExpression shiftExpressionPrime,shiftExpression ::= additiveExpression shiftExpressionPrime,shiftExpression ::= additiveExpression shiftExpressionPrime,,
,,,,,,,,,,,,,,,,,,,,,,,,,,,,,,,,,,,,,,,,,,,,,
shiftExpressionPrime,,,shiftExpressionPrime ::= ε,,shiftExpressionPrime ::= ε,,,,,,,,,,shiftExpressionPrime ::= ε,,,shiftExpressionPrime ::= ε,shiftExpressionPrime ::= ε,shiftExpressionPrime ::= ε,shiftExpressionPrime ::= ε,shiftExpressionPrime ::= ε,shiftExpressionPrime ::= ε,shiftExpressionPrime ::= ε,shiftExpressionPrime ::= ε,shiftExpressionPrime ::= ε,shiftExpressionPrime ::= ε,shiftExpressionPrime ::= ε,shiftExpressionPrime ::= ε,shiftExpressionPrime ::= ε,shiftExpressionPrime ::= LeftShift additiveExpression shiftExpressionPrime,shiftExpressionPrime ::= RightShift additiveExpression shiftExpressionPrime,,,,,,,,,,,,,
,,,,,,,,,,,,,,,,,,,,,,,,,,,,,,,,,,,,,,,,,,,,,
additiveExpression,,additiveExpression ::= multiplicativeExpression additiveExpressionPrime,additiveExpression ::= multiplicativeExpression additiveExpressionPrime,,additiveExpression ::= multiplicativeExpression additiveExpressionPrime,,,,,,,,additiveExpression ::= multiplicativeExpression additiveExpressionPrime,,additiveExpression ::= multiplicativeExpression additiveExpressionPrime,,,additiveExpression ::= multiplicativeExpression additiveExpressionPrime,additiveExpression ::= multiplicativeExpression additiveExpressionPrime,additiveExpression ::= multiplicativeExpression additiveExpressionPrime,additiveExpression ::= multiplicativeExpression additiveExpressionPrime,additiveExpression ::= multiplicativeExpression additiveExpressionPrime,additiveExpression ::= multiplicativeExpression additiveExpressionPrime,additiveExpression ::= multiplicativeExpression additiveExpressionPrime,additiveExpression ::= multiplicativeExpression additiveExpressionPrime,additiveExpression ::= multiplicativeExpression additiveExpressionPrime,additiveExpression ::= multiplicativeExpression additiveExpressionPrime,additiveExpression ::= multiplicativeExpression additiveExpressionPrime,additiveExpression ::= multiplicativeExpression additiveExpressionPrime,additiveExpression ::= multiplicativeExpression additiveExpressionPrime,additiveExpression ::= multiplicativeExpression additiveExpressionPrime,additiveExpression ::= multiplicativeExpression additiveExpressionPrime,additiveExpression ::= multiplicativeExpression additiveExpressionPrime,additiveExpression ::= multiplicativeExpression additiveExpressionPrime,additiveExpression ::= multiplicativeExpression additiveExpressionPrime,additiveExpression ::= multiplicativeExpression additiveExpressionPrime,additiveExpression ::= multiplicativeExpression additiveExpressionPrime,additiveExpression ::= multiplicativeExpression additiveExpressionPrime,additiveExpression ::= multiplicativeExpression additiveExpressionPrime,additiveExpression ::= multiplicativeExpression additiveExpressionPrime,additiveExpression ::= multiplicativeExpression additiveExpressionPrime,additiveExpression ::= multiplicativeExpression additiveExpressionPrime,additiveExpression ::= multiplicativeExpression additiveExpressionPrime,,
,,,,,,,,,,,,,,,,,,,,,,,,,,,,,,,,,,,,,,,,,,,,,
additiveExpressionPrime,,,additiveExpressionPrime ::= ε,,additiveExpressionPrime ::= ε,,,,,,,,,,additiveExpressionPrime ::= ε,,,additiveExpressionPrime ::= ε,additiveExpressionPrime ::= ε,additiveExpressionPrime ::= ε,additiveExpressionPrime ::= ε,additiveExpressionPrime ::= ε,additiveExpressionPrime ::= ε,additiveExpressionPrime ::= ε,additiveExpressionPrime ::= ε,additiveExpressionPrime ::= ε,additiveExpressionPrime ::= ε,additiveExpressionPrime ::= ε,additiveExpressionPrime ::= ε,additiveExpressionPrime ::= ε,additiveExpressionPrime ::= ε,additiveExpressionPrime ::= ε,additiveExpressionPrime ::= Plus multiplicativeExpression additiveExpressionPrime,additiveExpressionPrime ::= Minus multiplicativeExpression additiveExpressionPrime,,,,,,,,,,,
,,,,,,,,,,,,,,,,,,,,,,,,,,,,,,,,,,,,,,,,,,,,,
multiplicativeExpression,,multiplicativeExpression ::= castExpression multiplicativeExpression,multiplicativeExpression ::= ε,,multiplicativeExpression ::= ε,,,,,,,,multiplicativeExpression ::= castExpression multiplicativeExpression,,multiplicativeExpression ::= ε,,,multiplicativeExpression ::= ε,multiplicativeExpression ::= ε,multiplicativeExpression ::= ε,multiplicativeExpression ::= ε,multiplicativeExpression ::= ε,multiplicativeExpression ::= ε,multiplicativeExpression ::= ε,multiplicativeExpression ::= ε,multiplicativeExpression ::= ε,multiplicativeExpression ::= ε,multiplicativeExpression ::= ε,multiplicativeExpression ::= ε,multiplicativeExpression ::= ε,multiplicativeExpression ::= ε,multiplicativeExpression ::= ε,multiplicativeExpression ::= ε,multiplicativeExpression ::= ε,multiplicativeExpression ::= Star castExpression multiplicativeExpression,multiplicativeExpression ::= Div castExpression multiplicativeExpression,multiplicativeExpression ::= Mod castExpression multiplicativeExpression,multiplicativeExpression ::= castExpression multiplicativeExpression,multiplicativeExpression ::= castExpression multiplicativeExpression,multiplicativeExpression ::= castExpression multiplicativeExpression,multiplicativeExpression ::= castExpression multiplicativeExpression,multiplicativeExpression ::= castExpression multiplicativeExpression,multiplicativeExpression ::= castExpression multiplicativeExpression,,
,,,,,,,,,,,,,,,,,,,,,,,,,,,,,,,,,,,,,,,,,,,,,
castExpression,,castExpression ::= Identifier invokeExpression,,,,,,,,,,,castExpression ::= constanExpression,,,,,,,,,,,,,,,,,,,,,,,,,castExpression ::= constanExpression,castExpression ::= constanExpression,castExpression ::= constanExpression,castExpression ::= constanExpression,castExpression ::= unaryExpression,castExpression ::= unaryExpression,,
,,,,,,,,,,,,,,,,,,,,,,,,,,,,,,,,,,,,,,,,,,,,,
invokeExpression,,invokeExpression ::= ε,invokeExpression ::= ε,invokeExpression ::= LeftParen expression RightParen,invokeExpression ::= ε,,,,,,,,invokeExpression ::= ε,,invokeExpression ::= ε,,,invokeExpression ::= ε,invokeExpression ::= ε,invokeExpression ::= ε,invokeExpression ::= ε,invokeExpression ::= ε,invokeExpression ::= ε,invokeExpression ::= ε,invokeExpression ::= ε,invokeExpression ::= ε,invokeExpression ::= ε,invokeExpression ::= ε,invokeExpression ::= ε,invokeExpression ::= ε,invokeExpression ::= ε,invokeExpression ::= ε,invokeExpression ::= ε,invokeExpression ::= ε,invokeExpression ::= ε,invokeExpression ::= ε,invokeExpression ::= ε,invokeExpression ::= ε,invokeExpression ::= ε,invokeExpression ::= ε,invokeExpression ::= ε,invokeExpression ::= ε,invokeExpression ::= ε,,
,,,,,,,,,,,,,,,,,,,,,,,,,,,,,,,,,,,,,,,,,,,,,
constanExpression,,,,,,,,,,,,,constanExpression ::= Constant,,,,,,,,,,,,,,,,,,,,,,,,,constanExpression ::= DigitSequence,constanExpression ::= True,constanExpression ::= False,constanExpression ::= StringLiteral,,,,
,,,,,,,,,,,,,,,,,,,,,,,,,,,,,,,,,,,,,,,,,,,,,
unaryExpression,,,,,,,,,,,,,,,,,,,,,,,,,,,,,,,,,,,,,,,,,,unaryExpression ::= unaryExpressionPrime unaryExpressionAlpha,unaryExpression ::= unaryExpressionPrime unaryExpressionAlpha,,
,,,,,,,,,,,,,,,,,,,,,,,,,,,,,,,,,,,,,,,,,,,,,
unaryExpressionAlpha,,,,,,,,unaryExpressionAlpha ::= typeSpecifier,unaryExpressionAlpha ::= typeSpecifier,unaryExpressionAlpha ::= typeSpecifier,,,,,,,,,,,,,,,,,,,,,,,unaryExpressionAlpha ::= unaryOperator castExpression,unaryExpressionAlpha ::= unaryOperator castExpression,,,,,,,,,,,
,,,,,,,,,,,,,,,,,,,,,,,,,,,,,,,,,,,,,,,,,,,,,
unaryExpressionPrime,,,,,,,,,,,,,,,,,,,,,,,,,,,,,,,,,,,,,,,,,,unaryExpressionPrime ::= PlusPlus,unaryExpressionPrime ::= MinusMinus,,
,,,,,,,,,,,,,,,,,,,,,,,,,,,,,,,,,,,,,,,,,,,,,
unaryOperator,,,,,,,,,,,,,,,,,,,,,,,,,,,,,,,,,unaryOperator ::= Plus,unaryOperator ::= Minus,,,,,,,,,,,
,,,,,,,,,,,,,,,,,,,,,,,,,,,,,,,,,,,,,,,,,,,,,
selectionStatement,,,,,,,,,,,,,,,,,,,,,,,,,,,,,,,,,,,,,,,,,,,,selectionStatement ::= If LeftParen expression RightParen compoundStatement selectionStatementPrime,
,,,,,,,,,,,,,,,,,,,,,,,,,,,,,,,,,,,,,,,,,,,,,
selectionStatementPrime,,selectionStatementPrime ::= ε,selectionStatementPrime ::= ε,,selectionStatementPrime ::= ε,selectionStatementPrime ::= ε,selectionStatementPrime ::= ε,selectionStatementPrime ::= ε,selectionStatementPrime ::= ε,selectionStatementPrime ::= ε,,selectionStatementPrime ::= ε,selectionStatementPrime ::= ε,selectionStatementPrime ::= ε,,selectionStatementPrime ::= ε,selectionStatementPrime ::= ε,selectionStatementPrime ::= ε,,selectionStatementPrime ::= ε,selectionStatementPrime ::= ε,selectionStatementPrime ::= ε,selectionStatementPrime ::= ε,selectionStatementPrime ::= ε,selectionStatementPrime ::= ε,selectionStatementPrime ::= ε,selectionStatementPrime ::= ε,selectionStatementPrime ::= ε,selectionStatementPrime ::= ε,selectionStatementPrime ::= ε,selectionStatementPrime ::= ε,selectionStatementPrime ::= ε,selectionStatementPrime ::= ε,selectionStatementPrime ::= ε,selectionStatementPrime ::= ε,selectionStatementPrime ::= ε,selectionStatementPrime ::= ε,selectionStatementPrime ::= ε,selectionStatementPrime ::= ε,selectionStatementPrime ::= ε,selectionStatementPrime ::= ε,selectionStatementPrime ::= ε,selectionStatementPrime ::= ε,selectionStatementPrime ::= ε,selectionStatementPrime ::= Else statemen